Shop Name,City,Neighborhood,Address,Website,Instagram,Category,Vibe,Price Tier,Silo Fit,Contact Email,Contact Name,Google Rating,Outreach Status,Notes
Common Things,New York,East Village,"76 East 7th Street, New York, NY 10003",https://mirrappprojects.com,@commonthingsnyc,"Design Objects, Home Goods",Story-forward shop of home goods by architect Komal Kehar,$$,Perfect,,,,To Research,
Lekker Home,Boston,South End,South End (exact address TBD),https://lekker-home.com/,@lekkerhome,"Design Objects, Home Goods","European-inspired designs, modern minimalist, sustainable high-quality materials",$$,Perfect,,,,To Research,
Linen Society,Portland,Pearl District,"Pearl District, Portland, OR",https://linensociety.com/,@linensociety,"Design Objects, Home Goods",Luxury linens and home decor flagship combining French Quarter Linens,$$$,Perfect,,,,To Research,
Shake the Tree,Boston,North End,"67 Salem Street, Boston, MA 02113",https://shakethetreeboston.com/,@shakethetreeboston,"Design Objects, Home Goods","Indie boutique with curated home goods, handmade jewelry, apothecary, and stationery",$$,Perfect,,,,To Research,
Sequoia,Santa Fe,Canyon Road,"201 Canyon Rd, Santa Fe, NM 87501",https://sequoiasantafe.com,@sequoiasantafe,"Design Objects, Home Goods","Canyon Road gallery featuring contemporary furniture, art, and design objects",$$,Strong,,,,To Research,
Pierce & Ward,Los Angeles,Los Feliz,1956 Hillhurst Ave,https://pierceandward.com/,@pierceandward,"Design Objects, Home Goods","Maximalist aesthetic with soft sage green walls, celebrity clientele",$$,Perfect,,,,To Research,
Calimia Home,Miami,Coral Gables,"Alhambra Circle & Galiano Ave, Coral Gables, FL 33134",https://calimiahome.com,@calimiahome,"Design Objects, Home Goods","Interior design studio & showroom, Scandinavian design and California luxe style",$$$,Perfect,,,,To Research,
MoMA Museum Store,New York,Midtown,"11 West 53rd Street, New York, NY 10019",https://store.moma.org,@momadesignstore,Museum Shop & Design Objects,"Adjacent to MoMA lobby, modern art-inspired home goods",$$$,Perfect,,,,To Research,
Casa di LaValle,Seattle,Pioneer Square,108 S Jackson St Suite 108,https://www.casadilavalle.com/,@casadilavalle,"Design Objects, Home Goods","Impossibly chic decor and gifts, impeccable eye, art new vintage home decor",$$,Perfect,,,,To Research,
Detroit Institute of Arts Shop,Detroit,Midtown,"5200 Woodward Ave, Detroit, MI 48202",https://diashop.org,@diadetroit,"Design Objects, Home Goods","Museum shop with art-inspired jewelry, books, prints, and home decor from 65,000-object collection",$$,Perfect,,,,To Research,
Slope Home,Brooklyn,Park Slope,"229 Fifth Avenue, Brooklyn, NY 11215",https://slopehome.com,@slopehome,Curated Home Goods & Antiques,"Beautiful, intentional living - handcrafted housewares, minimalism",$$$,Perfect,,,,To Research,
Elementality,Asheville,South Asheville,"1224 Hendersonville Rd, Asheville, NC 28803",https://elementalityasheville.com,@elementalityasheville,"Design Objects, Home Goods","Art and nature boutique with handcrafted jewelry, apparel, and home goods",$$,Strong,,,,To Research,
DIGS,Seattle,Ballard,2002 NW Market St,https://www.digsshowroom.com/,@digsshowroom,"Design Objects, Home Goods","Scandinavian-style housewares, modern functional items like Swedish homes",$$,Perfect,,,,To Research,
Heartfelt,Minneapolis,Linden Hills,"4306 Upton Ave S, Minneapolis, MN 55410",,@heartfeltmpls,"Design Objects, Home Goods","Arts and crafts store with wooden toys, creative gifts and artisan goods",$$,Strong,,,,To Research,
Vintage Pink,Portland,Hawthorne,"2500 SE Hawthorne Blvd, Portland, OR 97214",http://www.ilovevintagepink.com/,@vintagepinkpdx,"Design Objects, Home Goods","Mid-century modern furniture, lighting, art and decor from 20+ vendors",$$,Strong,,,,To Research,
Historic Charleston Foundation Shop,Charleston,Downtown,"108 Meeting St, Charleston, SC 29401",https://www.historiccharleston.org/shop,@historiccharleston,"Design Objects, Home Goods","Museum shop with Charleston-inspired gifts, books, and preservation-themed items",$$,Perfect,,,,To Research,
Mogutable,Brooklyn,Williamsburg,"130 Grand Street, Brooklyn, NY 11249",https://mogutable.com,@mogutable,Tableware & Home Goods,"Artisanal tableware, Hasami Porcelain, Japanese teaware",$$,Perfect,,,,To Research,
Storied at Home,Seattle,Columbia City,3829B Edmunds St,https://www.storiedathome.com/,@storiedathome,"Design Objects, Home Goods","Design build firm owners, home gifts conversation starters, finishing touches",$$,Perfect,,,,To Research,
Atrio,Los Angeles,Culver City,"8888 Washington Blvd, Suite 100, Culver City, CA 90232",https://www.shopatrio.com/,@shopatrio,"Design Objects, Home Goods","Jeremiah Brent lifestyle boutique with exclusive collaborations, Cultiver linens, Serax tableware",$$,Perfect,,,,To Research,
Habitat Home & Garden,Los Angeles,Malibu,21249 Pacific Coast Highway,https://habitathomeandgarden.com/,@habitathomeandgarden,"Design Objects, Home Goods","Coastal California luxe, rustic wood furniture, sun-bleached accessories",$$,Perfect,,,,To Research,
Moon+Arrow,Philadelphia,Queen Village,"742 S 4th St, Philadelphia, PA 19147",https://moonandarrow.com,@moonandarrow,"Design Objects, Home Goods",Sustainable handmade boutique with vintage finds and home goods,$$,Perfect,,,,To Research,
Capers Home,Seattle,West Seattle,"4525 California Ave SW, Seattle, WA 98116",https://capershomeseattle.com/,@capershome,"Design Objects, Home Goods","Locally crafted art and ceramics, sustainable and fair trade goods",$$,Perfect,,,,To Research,
Four Corners Home,Asheville,Downtown,"15 Page Ave, Asheville, NC 28801",https://fourcornershome.com,@fourcornershome,"Design Objects, Home Goods",Contemporary home goods and furniture store with modern design focus,$$,Perfect,,,,To Research,
KABINETT PDX,Portland,Central Eastside,Central Eastside (exact address TBD),https://www.kabinettpdx.com/,@kabinettpdx,"Design Objects, Home Goods",New vintage furniture plus vermouth shop with beautiful barware and gifts,$$,Perfect,,,,To Research,
Canvas Home,New York,SoHo,"Broome Street, New York, NY",https://canvashome.com,@canvashome,Ceramics & Table Linens,"Rainbow ceramics, modern tableware, bright contemporary space",$$$,Perfect,,,,To Research,
Pluff Mud Mercantile,Charleston,West Ashley,"2408 Ashley River Rd, Unit R, Charleston, SC 29414",https://pluffmudmercantile.com,@pluffmudmercantile,"Design Objects, Home Goods","Small batch handcrafted candles, soaps, aromatherapy products and crystals",$$,Strong,,,,To Research,
Jane Cookshop,New York,East Village,"328 East 9th Street, New York, NY",https://janecookshop.com,@janecookshop,Kitchen & Artisan Goods,Cottage-like white studio showcasing handmade kitchen tools,$$$,Perfect,,Jennifer Ro,,To Research,
Neighborly,Chicago,TBD,Chicago (exact address TBD),https://neighborlyshop.com/,@neighborlyshop,"Design Objects, Home Goods","Woman-owned, 200+ independent makers, small batch Midwest focus",$$,Perfect,,,,To Research,
Cohens Retreat,Savannah,Historic District,"117 W River St, Savannah, GA 31401",https://cohensretreat.com,@cohensretreat,"Design Objects, Home Goods",Antique marketplace with Brown Dog Market featuring Savannah gift ideas and decor,$$,Strong,,,,To Research,
Heather Scott Home & Design,Austin,Central Austin,"1105 West 42nd St, Austin, TX 78756",https://www.heatherscotthome.com,@heatherscotthome,"Design Objects, Home Goods","Award-winning interior design team and retail boutique, classic, chic & serene interiors",$$$,Perfect,,,,To Research,
Antidote,Miami,Design District,Design District (exact address TBD),https://antidotemiami.com/,@antidotemiami,"Design Objects, Home Goods","Sustainable fashion from independent designers, ethical eco-friendly without compromising style",$$,Perfect,,,,To Research,
Woodland Mod,Seattle,Ballard,"5330 Ballard Ave NW, Seattle, WA 98107",https://woodlandmod.com/,@woodland_mod,"Design Objects, Home Goods",Scandi-minimalist boutique celebrating timeless design and artisan craftsmanship from independent makers,$$,Perfect,,,,To Research,
Curiosity,Minneapolis,Northeast,"1228 2nd Street NE Suite 3, Minneapolis, MN 55413",https://curiosityhomedecor.com,@curiosityneminneapolis,"Design Objects, Home Goods","NE Minneapolis shop featuring local makers, home goods, clothing and fair trade gifts",$$,Perfect,,,,To Research,
I Heart Denver Store,Denver,Downtown,"500 16th St, Ste 264, Denver, CO 80202",https://iheartdenverstore.com,@iheartdenverstore,"Design Objects, Home Goods",200+ Colorado artists and designers showcase with Denver-themed gifts and artwork,$$,Strong,,,,To Research,
Flourish & Foundry,Boston,TBD,Boston (exact address TBD),https://www.flourishandfoundryshop.com/,@flourishandfoundry,"Design Objects, Home Goods","Premier home decor gift shop, artisan home goods, curated finds",$$,Perfect,,,,To Research,
Celestial Treasures,Miami,Coconut Grove,"3444 Main Hwy, Suite 3, Coconut Grove, FL 33133",https://www.celestial-treasures.com/,@celestialtreasuresmiami,"Design Objects, Home Goods","Spiritual goods: crystals, candles, books, unique jewelry",$$,Maybe,,,,To Research,
Gather Home + Lifestyle,Chicago,Wicker Park,2321 W North Ave,https://gatherhomeandlifestyle.com/,@gatherhomeandlifestyle,"Design Objects, Home Goods","Modern minimalist, geometric wall hangings, stoneware, kitchen goods",$$,Perfect,,,,To Research,
Nora,Detroit,Midtown,"4240 Cass Ave, Detroit, MI 48201",https://noradetroit.com,@noradetroit,"Design Objects, Home Goods",Boutique in Auburn building with curated lifestyle products and unique finds,$$,Strong,,,,To Research,
BEAM,New York,Williamsburg,"272 Kent Ave, Brooklyn, NY 11249",https://beambk.com/,@beambrooklyn,"Design Objects, Home Goods","Modern furniture, lighting, artwork and home goods with premium brands",$$,Perfect,,,,To Research,
Sfingiday,Austin,South Lamar,"2058 South Lamar Blvd, Austin, TX 78704",https://sfingiday.com,@sfingiday,Handmade Boutique & Home Goods,"Curated gifts from makers across country, ceramics, local businesses",$$,Perfect,,,,To Research,
Katie Kime,Austin,North Lamar,"500 N Lamar, Suite 150, Austin, TX 78703",https://katiekime.com,@katiekimehome,Bold Furniture & Design,"Austin-based designer, statement furniture, bold accessories, vibrant design",$$$,Perfect,,Katie Kime,,To Research,
Mantel,Portland,Kenton,"8202 N Denver Ave, Portland, OR 97217",https://mantelpdx.com/,@mantelpdx,"Design Objects, Home Goods",Home and lifestyle boutique specializing in ceramics from local and global artists,$$,Perfect,,,,To Research,
Coutula,Los Angeles,Venice,"Abbot Kinney Blvd, Venice, CA 90291",https://coutula.com,@coutula,Global Design & Homeware,"Clothing, jewelry, bags, homeware by local and global designers",$$-$$$,Strong,,,,To Research,
Asheville Art Museum Shop,Asheville,Downtown,"2 S Pack Square, Asheville, NC 28801",https://www.ashevilleart.org/shop,@ashevilleart,"Design Objects, Home Goods","Contemporary art museum shop with art books, design objects, and unique gifts",$$,Perfect,,,,To Research,
Hester & Cook,Nashville,White Bridge,"84 White Bridge Rd, Nashville, TN 37205",https://hesterandcook.com/,@hesterandcook,"Design Objects, Home Goods","Home, gift, and paper goods for celebrations",$$,Perfect,,,,To Research,
Minima,Philadelphia,Old City,"131 N 3rd Street, Philadelphia, PA 19106",https://minima.us,@minima_philly,"Design Objects, Home Goods",Modern design showroom with contemporary furniture and lighting,$$$,Perfect,,,,To Research,
Occasionette,Philadelphia,East Passyunk,"1825 E Passyunk Ave, Philadelphia, PA 19148",https://occasionette.com,@occasionette,"Design Objects, Home Goods","Gift shop with candles, kitchen items, cards and thoughtful presents",$$,Perfect,,,,To Research,
Telfair Museum Shop,Savannah,Historic District,"121 Barnard St, Savannah, GA 31401",https://www.telfair.org/shop,@telfairmuseums,"Design Objects, Home Goods","Art museum shop with curated art books, design objects, and unique cultural gifts",$$,Perfect,,,,To Research,
M. Crow,New York,SoHo,"SoHo, Manhattan, NY",,@mcrowgeneral,Handmade Home Goods,"Labor-of-love ethos, handmade home goods from Lostine, Oregon roots",$$-$$$,Perfect,,,,To Research,
Frangipani,Miami,Wynwood,"2239 NW 2nd Ave, Miami, FL 33127",https://www.facebook.com/Frangipanidesign/,@frangipani_miami,"Design Objects, Home Goods",Funky concept store celebrating independent makers,$$,Perfect,,,,To Research,
Bomi,New York,SoHo,"54 Mercer Street, 2nd Floor, New York, NY 10013",,@bomi.nyc,Korean Minimalist Home Goods,Korean minimalism-inspired home goods and design objects,$$$,Perfect,,Bomi Jin,,To Research,
Plank and Coil,Portland,NW,"2366 NW York St, Portland, OR 97210",https://www.facebook.com/plankandcoil,@plankandcoil,"Design Objects, Home Goods","Organic furnishings, mattresses, bedding and sustainable accessories",$$,Strong,,,,To Research,
Monica James & Co.,Miami,Design District,"131 NE 40th St, Miami, FL 33137",https://monicajames.com,@monicajamesco,"Design Objects, Home Goods","30+ years in Miami Design District, curated collections of exquisite furnishings, fabrics, and accessories",$$$,Perfect,,,,To Research,
The Collective Shop,New Orleans,Garden District,"3512 Magazine St, New Orleans, LA 70115",https://statementgoods.com,@statementgoods,"Design Objects, Home Goods",Uptown boutique featuring Statement Goods and local artisan collections,$$,Perfect,,,,To Research,
Wishbone,San Francisco,Inner Sunset,"Inner Sunset, San Francisco, CA",,@wishbonesf,Locally Made Goods,"Cool locally made things, Inner Sunset location",$$,Strong,,,,To Research,
deKor,Los Angeles,Echo Park,"3183 Glendale Blvd, Los Angeles, CA 90039",https://dekorliving.com/,@dekor.living,"Design Objects, Home Goods",Swedish-founded lifestyle boutique mixing Scandinavian elegance with vintage furnishings and textiles,$$,Perfect,,,,To Research,
Ware,Asheville,South Asheville,"1800 Hendersonville Rd, Asheville, NC 28803",https://wareasheville.com,@wareasheville,"Design Objects, Home Goods",Modern home goods store with carefully curated furniture and design objects,$$,Perfect,,,,To Research,
Thistle & Poppy,Seattle,Capitol Hill,"428 15th Ave E, Seattle, WA 98112",https://www.thistleandpoppy.com/,@shopthistleandpoppy,"Design Objects, Home Goods","Family concept shop with sustainable design for kids, adults, and home",$$,Strong,,,,To Research,
Kinto NYC,New York,Nolita,"211 Elizabeth Street, New York, NY 10012",https://kinto-usa.com,@kinto_usa,Japanese Housewares,"Premium Japanese housewares, coffee gear, minimal design",$$$,Perfect,,,,To Research,
Art Star,Philadelphia,Old City,"599 Market Street, Philadelphia, PA 19106",https://artstarphilly.com,@artstarphilly,"Design Objects, Home Goods",Handcrafted gifts and home accessories by local and national artists,$$,Strong,,,,To Research,
Stitch and Tickle,Boston,SoWa,"63 Thayer St, Boston, MA 02118",https://stitchandtickle.com,@stitchandtickle,"Design Objects, Home Goods",Independent lifestyle boutique with handmade leather goods and home accessories,$$,Strong,,,,To Research,
Philadelphia Independents,Philadelphia,Old City,"35 N. 3rd Street, Philadelphia, PA 19106",https://philadelphiaindependents.com,@phillyindependents,"Design Objects, Home Goods",Handmade items from 50+ local makers including home decor and gifts,$$,Strong,,,,To Research,
Alchemist,Miami,South Beach,Lincoln Road parking structure,https://thealchemist.com/,@thealchemist,"Design Objects, Home Goods","Avant-garde fashion and design, innovative retail approach, distinctive luxury",$$,Perfect,,,,To Research,
The Apartment by The Line,New York,SoHo,"SoHo, New York, NY",,@theline,Fashion Beauty & Home Goods,"Chic apartment where every item is for sale, curated lifestyle",$$$,Strong,,,,To Research,
Take Heart,Austin,East Austin,East Austin (exact address TBD),https://takeheartaustin.com/,@takeheartaustin,"Design Objects, Home Goods","Japanese incense, books, ceramics from local artisans, tasteful curation",$$,Perfect,,,,To Research,
Uncommon Objects,Austin,South Austin,"1602 Fortview Rd, Austin, TX 78704",https://www.uncommonobjects.com,@uncommonobjects,"Design Objects, Home Goods","Raw materials for creative living, one-of-a-kind emporium of transcendent junk, 24 antique sellers",$$,Strong,,,,To Research,
Tortoise General Store,Los Angeles,Mar Vista,"12701 Venice Blvd, Los Angeles, CA 90066",https://shop.tortoisegeneralstore.com,@tortoisegeneralstore,Japanese Design & Home Goods,"Slow and steady design, Japanese crafts, modern housewares, Hasami",$$-$$$,Perfect,,Keiko & Taku Shinomoto,,To Research,
Retrofit Home,Seattle,Capitol Hill,1103 E Pike St,https://www.retrofithome.com/,@retrofithome,"Design Objects, Home Goods","Vintage-inspired furniture, succulents cards vases terrariums, fun planters",$$,Perfect,,,,To Research,
KRB NYC,New York,Upper East Side,"135 E 79th Street, New York, NY 10075",https://krbnyc.com,@krbnyc,Curated Antiques & Furniture,"Kate Rheinstein Brodsky curated vintage, antiques, unique home decor",$$$,Perfect,,Kate Rheinstein Brodsky,,To Research,
Sterling Place,Brooklyn,Boerum Hill,Atlantic Ave (exact address TBD),http://www.sterlingplace.com/,@sterlingplace,"Design Objects, Home Goods",Thrifty vintage shop with funky furniture and retro barware,$$,Perfect,,,,To Research,
Logan Mercantile,Chicago,Logan Square,"3505 W Fullerton Ave, Chicago, IL",https://shop.loganmercantile.com/,@loganmercantile,"Design Objects, Home Goods","Home, garden, utility and lifestyle goods in the heart of Logan Square",$$,Perfect,,,,To Research,
The Wardrobe & More,Miami,Coconut Grove,"3098 Fuller St No 10, Coconut Grove, FL 33133",https://thewardrobeandmore.com/,@thewardrobeandmore,"Design Objects, Home Goods",Lifestyle concept shop with artisan goods and curated home items,$$,Strong,,,,To Research,
Reverie Living,Denver,Wash Park,"950 S Gaylord St, Denver, CO 80209",https://reverieliving.com,@reverieliving,"Design Objects, Home Goods","Contemporary boutique offering unique affordable gifts, homewares, and personal accessories",$$,Strong,,,,To Research,
Goodies,Los Angeles,Santa Monica,"1309 Montana Ave, Santa Monica, CA 90403",https://goodies.la,@goodies.la,"Design Objects, Home Goods","Thoughtful gifts, home staples, one-of-a-kind finds, beautiful things under $25",$,Maybe,,,,To Research,
Betsu Studio,Philadelphia,Port Richmond,"3232 Collins St, Philadelphia, PA 19134",https://betsustudio.com,@betsustudio,"Design Objects, Home Goods","Named Americas Best Design Shops by Dwell, vintage and modern furniture",$$$,Perfect,,,,To Research,
Olive Ateliers,Los Angeles,Arts District,"1210 Mateo St, Los Angeles, CA 90021",https://oliveateliers.com,@oliveateliers,"Design Objects, Home Goods","Heirloom-worthy furniture, antiques, pottery and garden decor sourced globally",$$$,Perfect,,,,To Research,
Moona Moono,Minneapolis,Uptown,"3048 Hennepin Ave S, Minneapolis, MN 55408",https://moonamoono.com,@moonamoono,"Design Objects, Home Goods","Cafe with kawaii home goods, Korean beauty products and stationery",$$,Strong,,,,To Research,
Asrai Garden,Chicago,Wicker Park,"Wicker Park, Chicago, IL",https://asraigarden.com,@asraigarden,Floral & Home Goods,"Founded 1999, floral arrangements, fine jewelry, homewares",$$-$$$,Strong,,Elizabeth Cronin,,To Research,
Galerie Half,Los Angeles,Melrose,"6911 Melrose Ave, Los Angeles, CA 90038",,@galeriehalf,Curated Design Objects,"Super curated, every piece a statement and treasure",$$$,Perfect,,,,To Research,
Machine Age,Boston,TBD,Boston (exact address TBD),https://machine-age.com/,@machineage,"Design Objects, Home Goods","Modern design icons vintage 20th century, Eames Saarinen Nelson, restoration services",$$,Perfect,,,,To Research,
Inkling,Chicago,Lakeview,"2917 1/2 N Broadway, Chicago, IL 60657",https://www.theinklingshop.com,@theinklingshop,"Design Objects, Home Goods","Locally-sourced art, greeting cards, jewelry, apothecary and gifts, lovely curiosities",$$,Strong,,,,To Research,
Pewabic Pottery,Detroit,East Jefferson,"10125 E Jefferson Ave, Detroit, MI 48214",https://pewabic.org/shop,@pewabicpottery,"Design Objects, Home Goods","Historic pottery studio with handcrafted ceramics, tiles, and home goods since 1903",$$,Perfect,,,,To Research,
Savannah Bee Company,Charleston,King Street,"409 King St, Charleston, SC 29403",https://savannahbee.com,@savannahbee,"Design Objects, Home Goods","Artisanal honey products, natural skincare, and bee-inspired gifts and home goods",$$,Strong,,,,To Research,
Forage Modern Workshop,Minneapolis,Powderhorn,"4023 East Lake Street, Minneapolis, MN 55406",https://foragemodernworkshop.com,@foragemodern_mn,"Design Objects, Home Goods","Modern, vintage and locally crafted home goods treasures featured in Dwell",$$,Perfect,,,,To Research,
Gohar World,NYC,SoHo,181 Lafayette Street,https://gohar.world/,@goharworld,"Design Objects, Home Goods","Curio cabinet feel, sculptural candles and antique servingware",$$,Perfect,,,,To Research,
Forever New Orleans,New Orleans,French Quarter,"700 Royal St, New Orleans, LA 70116",https://shopforeverneworleans.com,@foreverneworleans,"Design Objects, Home Goods",Locally owned French Quarter boutique with NOLA gifts and home decor,$,Strong,,,,To Research,
La Fonda Newsstand,Santa Fe,Plaza,"100 E San Francisco St, Santa Fe, NM 87501",https://lafondasantafe.com/shops,@lafondasantafe,"Design Objects, Home Goods","Historic hotel shop with Santa Fe gifts, books, and regional home goods",$$,Maybe,,,,To Research,
Merchant House,New Orleans,Garden District,"1150 Magazine St, New Orleans, LA 70130",https://merchanthouse.co,@merchanthouse.co,"Design Objects, Home Goods",Fine vintage for modern life and inspired interiors,$$,Perfect,,,,To Research,
Jolly Goods,Denver,Berkeley,"4020 Tennyson St, Denver, CO 80212",https://shopjollygoodsdenver.com,@jollygoodsdenver,"Design Objects, Home Goods",Eclectic boutique with curated gifts and handcrafted goods from 50+ local makers,$$,Strong,,,,To Research,
Sue Fisher King,San Francisco,Fillmore,"1913 Fillmore Street, San Francisco, CA 94115",https://suefisherking.com,@suefisherking,Luxury Home Goods,"Fine home goods since 1978, Astier de Villatte, luxury design",$$$,Perfect,,Sue Fisher King,,To Research,
Imogene + Willie,Nashville,12 South,"2601 12th Avenue South, Nashville, TN 37203",https://imogeneandwillie.com/,@imogeneandwillie,"Design Objects, Home Goods",Premium denim shop in historic service station with curated goods,$$,Strong,,,,To Research,
Bee & Pollen,Denver,Platt Park,"1789 S Pearl St, Denver, CO 80210",https://beeandpollen.com,@beeandpollen,"Design Objects, Home Goods",Full-service floral design studio with curated home goods and unique gifts,$$,Strong,,,,To Research,
Provisions Mercantile,Asheville,West Asheville,"728 Haywood Rd, Asheville, NC 28806",https://www.provisionsmercantile.com,@provisionsmercantile,"Design Objects, Home Goods","Modern-day general store with curated gifts, home goods, and local artisan products",$$,Perfect,,,,To Research,
Wilderhouse,Chicago,Wicker Park,"1339 N Damen Ave, Chicago, IL 60622",https://www.wilderhouse.com/,@wilder.house,"Design Objects, Home Goods",Elevated essentials for the elemental home with West Coast aesthetic,$$,Perfect,,,,To Research,
Natural Selection,Brooklyn,DUMBO,DUMBO (exact address TBD),https://naturalselectionny.com/,@naturalselectionny,"Design Objects, Home Goods","Spacious shop with worldly personality, culture and craft focus",$$,Perfect,,,,To Research,
Plume,Miami,Shops at Lakeshore,"4744 SW 72nd Ave, Miami, FL 33155",https://www.facebook.com/plumehomedecor,@plumehomedecor,"Design Objects, Home Goods","Luxury boutique specializing in designer cushions, lamps, wallpaper",$$,Perfect,,,,To Research,
DACHA,Los Angeles,West Hollywood,"420 N Robertson Blvd, West Hollywood, CA 90048",http://www.dachainteriors.com,@dachainteriors,"Design Objects, Home Goods","Haven for those who appreciate art of design, unique handcrafted pieces, artistic flair",$$,Perfect,,,,To Research,
Our Place,Los Angeles,Venice,"1344 Abbot Kinney Blvd, Venice, CA 90291",https://fromourplace.com,@fromourplace,Home Goods & Cookware,Modern cookware and home goods brand flagship,$$-$$$,Perfect,,,,To Research,
Wild Flowers,Denver,Congress Park,"1200 E 9th Ave, Denver, CO 80218",https://wildflowersdenver.com,@wildflowersdenver,"Design Objects, Home Goods",Delightful plant and gift shop for plant lovers with curated home and garden items,$$,Strong,,,,To Research,
Tula House,Brooklyn,Greenpoint,Greenpoint (exact address TBD),https://tulahouse.com/,@tulahouse,"Design Objects, Home Goods",Beautiful plant shop with expert staff and home accessories,$$,Perfect,,,,To Research,
HW Home,Denver,Wash Park,"1035 S Gaylord St, Denver, CO 80209",https://hwhome.com,@hwhome,"Design Objects, Home Goods",Contemporary home goods store offering stylish furniture and modern design pieces,$$,Perfect,,,,To Research,
NB Shop,Los Angeles,West Hollywood,725 N. La Cienega Blvd,https://www.natashabaradaran.com/,@natashabaradaran,"Design Objects, Home Goods","Interior designer Natasha Baradaran Persian textile collection, jasmine-scented",$$,Perfect,,,,To Research,
POST,Detroit,Midtown,"4240 Cass Ave, Suite 109, Detroit, MI 48201",https://postdetroit.com,@postdetroit,"Design Objects, Home Goods",Auburn building collective known as Detroit best place to shop small with curated home goods,$$,Strong,,,,To Research,
Black & Gold,San Francisco,Castro,"Castro, San Francisco, CA",,@blackandgoldsf,Vintage Accessories & Furniture,"Mid-century and Hollywood Regency gems, vintage lighting",$$-$$$,Perfect,,,,To Research,
,,,,,,,,,,,,,,
Miette,New Orleans,Lower Garden District,"2038 Magazine St, New Orleans, LA 70130",https://iheartmiette.com,@miette,"Design Objects, Home Goods","Wonderland boutique with unique jewelry, housewares, and handmade crafts",$$,Perfect,,,,To Research,
Maquette,Los Angeles,Larchmont,507 N. Larchmont Blvd,https://www.shopmaquette.com/,@shop_maquette,"Design Objects, Home Goods",Three interior designers 1920s bungalow co-working retail space,$$,Perfect,,,,To Research,
A Custom House,Austin,Austin,"Austin, TX",,@acustomhouse,Home Goods & Furniture Showroom,"Retail and interior designers, showroom setting, client projects",$$$,Perfect,,,,To Research,
Woonwinkel,Portland,Downtown,"935 SW Washington St, Portland, OR 97205",https://www.woonwinkelhome.com/,@woonwinkelhome,"Design Objects, Home Goods","Sunny Scandinavian style home goods and furniture, named best of Portland",$$,Perfect,,,,To Research,
Indigo Traders,Portland,Multnomah Village,Multnomah Village (exact address TBD),https://www.indigotraders.com/,@indigotraders,"Design Objects, Home Goods","Turkish Moroccan Middle Eastern imports, towels rugs baskets kitchen supplies",$$,Perfect,,,,To Research,
Local Take,San Francisco,Castro,"4122 18th St, San Francisco, CA 94114",https://www.localtakesf.com,@localtake,"Design Objects, Home Goods","Featuring local designers and artists, art, jewelry, accessories, home goods from 80 local artists",$$,Strong,,,,To Research,
Woodland Mod,Seattle,Ballard,5330 Ballard Ave NW,https://www.woodlandmod.com/,@woodlandmod,"Design Objects, Home Goods","Scandinavian home goods, minimalist decor, hygge aesthetic, feel cool shopping",$$,Perfect,,,,To Research,
Big Night West Village,New York,West Village,"236 West 10th Street, New York, NY",https://bignightbk.com,,Kitchen & Tableware,Playful dinner party haven designed like fantasy NYC apartment,$$$,Perfect,,Katherine Lewin,,To Research,
Cookbook Market,Los Angeles,Echo Park,"1549 Echo Park Ave, Los Angeles, CA 90026",https://cookbookmarket.com/,@cookbookmarket,"Design Objects, Home Goods",Neighborhood marketplace with seasonal produce and curated goods including locally made ceramics,$$,Perfect,,,,To Research,
The Commons,Charleston,King Street,"298 King St, Charleston, SC 29401",https://thecommonscharleston.com,@thecommonscharleston,"Design Objects, Home Goods",Locally sourced goods and artisan-made home products with community focus,$$,Strong,,,,To Research,
Modern Market,New Orleans,Central City,"1200 Annunciation St, New Orleans, LA 70130",https://modernmarketlifestyle.com,@modernmarketlifestyle,"Design Objects, Home Goods",Curated lifestyle brand focused on positive design impact,$$,Perfect,,,,To Research,
Carter & Rose,Portland,Central Portland,"Portland, OR",https://carterandrose.com/,@carterandrose,"Design Objects, Home Goods",Woman-owned small business making and curating beautiful handmade goods from talented makers,$$,Perfect,,,,To Research,
Hive Modern Design,Portland,Pearl District,"820 NW Glisan St, Portland, OR 97209",https://hivemodern.com/,@hivemodern,"Design Objects, Home Goods","Modern furniture showroom featuring Herman Miller, Knoll, B&B Italia",$$$,Perfect,,,,To Research,
Homebody Boutique,Brooklyn,Park Slope,"Park Slope, Brooklyn, NY",,@homebodyboutique,Gift Shop & Home Goods,Charming gift shop specializing in fun home goods,$$,Perfect,,,,To Research,
The Nested Fig Home,Savannah,Midtown,"2428 Abercorn St, Savannah, GA 31401",https://www.thenestedfighomesavannah.com,@thenestedfighomesavannah,"Design Objects, Home Goods",Home and Garden lifestyle boutique offering latest designer finds at affordable prices,$$,Perfect,,,,To Research,
Arden Home,San Francisco,Hayes Valley,"Hayes Valley, San Francisco, CA",,@ardenhomesf,Designer-Recommended Home Goods,"Studio Munroe founder recommended, variety, custom orders",$$$,Perfect,,,,To Research,
Omoi Life Goods,Philadelphia,Old City,"41 S 3rd St, Philadelphia, PA 19106",https://omoionline.com,@omoi,"Design Objects, Home Goods","Curated Japanese-influenced stationery, home decor and lifestyle goods",$$,Perfect,,,,To Research,
Redo home + design,Nashville,TBD,Nashville (exact address TBD),https://redohomeanddesign.com/,@redohomeanddesign,"Design Objects, Home Goods","Retail boutique and interior designer collective, Nashville design community",$$,Perfect,,,,To Research,
Lejardin,New Orleans,French Quarter,"612 Royal St, New Orleans, LA 70130",,@lejardin,"Design Objects, Home Goods","Local arts, crafts, frames, jewelry in gorgeous courtyard setting",$$,Strong,,,,To Research,
VIOLETAS,Miami,Coral Gables,"257 Miracle Mile, Coral Gables, FL 33134",https://violetashomedesign.com/,@violetashomedesign,"Design Objects, Home Goods",Luxury home decor and furnishings from around the world,$$,Perfect,,,,To Research,
A+R,Los Angeles,Fairfax,"171 South La Brea Ave, Los Angeles, CA 90036",,@aplusrstore,Danish Modern Home Goods,Danish modern homewares and furniture selection,$$-$$$,Perfect,,,,To Research,
Cooper Hewitt Museum Shop,New York,Upper East Side,"2 East 91st Street, New York, NY 10128",https://shop.cooperhewitt.org,@cooperhewitt,Design Museum Shop,"Smithsonian Design Museum shop, design objects and books",$$$,Perfect,,,,To Research,
East Fork,Brooklyn,Boerum Hill,Atlantic Ave (exact address TBD),https://www.eastfork.com/,@eastforkpottery,"Design Objects, Home Goods","Every cool restaurant's favorite pottery, Asheville brand NYC outpost",$$,Perfect,,,,To Research,
Sunday Shop,New Orleans,Lower Garden District,"2025 Magazine St, New Orleans, LA 70130",https://www.sundayshop.co,@sundayshop.co,"Design Objects, Home Goods","Thoughtful wares for an easy and beautiful home, interiors showroom",$$,Perfect,,,,To Research,
Collier West,Brooklyn,Downtown Brooklyn,"Atlantic Avenue, Brooklyn, NY",,@collierwest,Global Artisan Home Goods,"Eclectic art, elegant housewares, vintage furniture, apothecary goods",$$-$$$,Perfect,,,,To Research,
Butter Home,Seattle,Capitol Hill,"1424 11th Ave, Chophouse Row",https://www.butterhomeseattle.com/,@butterhome,"Design Objects, Home Goods","Functional home goods, interesting home decor, gold animal magnets, hidden gem",$$,Perfect,,,,To Research,
Common Things,New York,East Village,"76 East 7th Street, New York, NY",https://common-things.com,@_commonthings_,Home Goods & Design Objects,"Story-forward eclectic goods from unknown artisans, architect-founded",$$$,Perfect,,Komal Kehar,,To Research,
The Six Bells,Brooklyn,Brooklyn Heights,"Brooklyn Heights, Brooklyn, NY",,@thesixbells,Cottagecore Home Goods,"Cottagecore enthusiast haven, cozy homewares and gifts",$$,Strong,,,,To Research,
Fredericks & Mae,New York,Brooklyn,"366 Putnam Ave, Brooklyn, NY 11216",https://fredericksandmae.com/,@fredericksandmae,"Design Objects, Home Goods","Design studio specializing in art of the gift, famous for confetti cutting boards and ceramics",$$,Perfect,,,,To Research,
Aliss,Miami,Downtown,"118 SE 1st St, Miami, FL 33131",https://www.aliss.com/en_us/home-miami-us/,@aliss_usa,"Design Objects, Home Goods",Fashion and home decoration store with contemporary style,$$,Strong,,,,To Research,
Boston General Store,Boston,Brookline,"305 Harvard St, Brookline, MA 02446",https://www.bostongeneralstore.com/,@bostongeneralstore,"Design Objects, Home Goods",Curated high-quality goods emphasizing thoughtful design and utilitarian beauty,$$,Perfect,,,,To Research,
Lake Boutique,Los Angeles,Silver Lake,"Near Santa Monica & Sunset Blvd, Silver Lake, Los Angeles, CA",https://www.lakeboutique.com/,@lakeboutique,"Design Objects, Home Goods","Lifestyle store with ceramics, candles, home goods and handmade pottery",$$,Perfect,,,,To Research,
Patina + Co,Nashville,Green Hills,"2535 8th Avenue South, Nashville, TN",https://www.patinaandco.com/,@patinaandco,"Design Objects, Home Goods",Accessible European antiques and furniture by design-loving friends,$$,Perfect,,,,To Research,
Abode Mercantile,Nashville,East Nashville,"1002 Fatherland St, Ste 101, Nashville, TN 37206",https://www.abodemercantile.com/,@abodemercantile,"Design Objects, Home Goods","Curated home, gift and gourmet pantry with locally made focus",$$,Perfect,,,,To Research,
Local Love CHS,Charleston,James Island,"1890 Andell Bluff Blvd, Johns Island, SC 29455",https://www.locallovechs.com,@locallovechs,"Design Objects, Home Goods",One-stop shop for locally made Charleston products and curated gift boxes,$$,Strong,,,,To Research,
Stryker Studio,Denver,LoHi,"1513 Boulder St, Denver, CO 80211",https://strykerstudio.com,@strykerstudio,"Design Objects, Home Goods",Handmade jewelry and home goods studio where customers can create and purchase pieces,$$,Strong,,,,To Research,
Charleston Museum Shop,Charleston,Downtown,"360 Meeting St, Charleston, SC 29403",https://www.charlestonmuseum.org/shop,@charlestonmuseum,"Design Objects, Home Goods",Americas first museum shop with Charleston history books and heritage gifts,$$,Perfect,,,,To Research,
Cibone,Brooklyn,Greenpoint,Greenpoint (exact address TBD),https://cibone.com/,@cibone_usa,"Design Objects, Home Goods","Beautiful objects that could fit in art gallery, pricey but tasteful",$$,Perfect,,,,To Research,
Porta,Brooklyn,Boerum Hill,Atlantic Ave (exact address TBD),https://porta-nyc.com/,@porta_nyc,"Design Objects, Home Goods","Cool girl taste, small European designers, London founders",$$,Perfect,,,,To Research,
Black Ink,Boston,Harvard Square,Harvard Square (exact address TBD),https://blackinkboston.com/,@blackinkboston,"Design Objects, Home Goods","One stop design shop, clever goods appreciated by intellectual crowd, in-person Fab.com",$$,Perfect,,,,To Research,
Station 7,Seattle,Capitol Hill,1400 15th Ave E,https://station7seattle.com/,@station7seattle,"Design Objects, Home Goods","Historic brick building, handmade home and dry goods, trinkets decor",$$,Perfect,,,,To Research,
Shake The Tree,Boston,North End,"67 Salem St, Boston, MA 02113",https://shakethetreeboston.com,@shakethetreeboston,"Design Objects, Home Goods","North End indie shop with home goods, jewelry, small-batch pantry and apothecary",$$,Perfect,,,,To Research,
SCAD Museum Shop,Savannah,Historic District,"227 Martin Luther King Jr Blvd, Savannah, GA 31401",https://www.scadmoa.org/shop,@scadmoa,"Design Objects, Home Goods","Contemporary art museum shop with design books, art prints, and creative gifts",$$,Perfect,,,,To Research,
City Home,Portland,Central Eastside,Central Eastside (exact address TBD),https://cityhomepdx.com/,@cityhomepdx,"Design Objects, Home Goods","Walk out with anything same day including furniture, no lead times ordering",$$,Perfect,,,,To Research,
Hudson Boston,Boston,South End,South End (exact address TBD),https://hudson-boston.com/,@hudson_boston,"Design Objects, Home Goods","Fashion-forward design elements, decorative vases candles artwork, urban aesthetic",$$,Perfect,,,,To Research,
Plum,Brooklyn,DUMBO,DUMBO (exact address TBD),https://www.plumdumbo.com/,@plumdumbo,"Design Objects, Home Goods","Small shop with beautiful ceramics, glassware and dining items",$$,Perfect,,,,To Research,
Malachite Home,New Orleans,Uptown,"3806 Magazine St Suite 4, New Orleans, LA 70115",,@malachitehome,"Design Objects, Home Goods",Destination boutique for high-end vintage and modern furnishings,$$,Perfect,,,,To Research,
Mogutable,New York,Williamsburg,"130 Grand St, Brooklyn, NY 11249",https://mogutable.com/,@mogutable,"Design Objects, Home Goods","Curated artisanal tableware and home goods, featuring Hasami Porcelain and Kinto",$$,Perfect,,,,To Research,
CityFoundry,Brooklyn,Industry City,Industry City (exact address TBD),http://www.cityfoundry.com/,@cityfoundry,"Design Objects, Home Goods","Spacious antique shop, 20th century furniture, decor and lighting",$$,Perfect,,,,To Research,
Porta,Brooklyn,Boerum Hill,"360 Atlantic Avenue, Brooklyn, NY 11217",https://porta-nyc.com,@porta.nyc,European Tableware,"Curated European artisan tableware, Giancarlo Valle designed",$$$,Perfect,info@porta-nyc.com,Alice Russotti & Francesca del Balzo,,To Research,
Maker & Moss,San Francisco,Hayes Valley,"364 Hayes St, San Francisco, CA 94102",https://makerandmoss.com,@makerandmoss,"Design Objects, Home Goods","Destination for unique provisions for the home, inspired by elemental beauty of organic materials",$$$,Perfect,,,,To Research,
ADORN,New Orleans,French Quarter,"610 Royal St, New Orleans, LA 70130",,@adorn,"Design Objects, Home Goods","Jewelry, art gallery, and pottery store with local artisan pieces",$$,Strong,,,,To Research,
Woodland Mod,Seattle,Ballard,"5330 Ballard Ave NW, Seattle, WA 98107",https://woodlandmod.com/,@woodlandmod,"Design Objects, Home Goods","Scandinavian design home goods, curated from independent makers worldwide",$$,Perfect,,,,To Research,
Blue Bicycle Books,Charleston,King Street,"420 King St, Charleston, SC 29403",https://bluebicyclebooks.com,@bluebicyclebooks,"Design Objects, Home Goods","Independent bookstore with literary gifts, journals, and book-inspired home goods",$$,Maybe,,,,To Research,
Frangipani,Miami,Wynwood,Wynwood (exact address TBD),https://frangipanistore.com/,@frangipanistore,"Design Objects, Home Goods","Eclectic fashion, home decor, gifts from independent designers, vibrant atmosphere",$$,Perfect,,,,To Research,
Workshop Santa Fe,Santa Fe,Plaza,"53 Old Santa Fe Trl, Santa Fe, NM 87501",https://santafedrygoods.com,@workshopsantafe,"Design Objects, Home Goods",Sister store to Santa Fe Dry Goods featuring curated home goods and gifts,$$,Strong,,,,To Research,
Mogutable,Brooklyn,Williamsburg,"130 Grand Street, Brooklyn, NY 11249",https://mogutable.com,@mogutable,"Design Objects, Home Goods","Well-designed, aesthetically-pleasing objects, handmade ceramics, tableware, teaware",$$,Perfect,,,,To Research,
Neighborly,Chicago,Lincoln Square,"Lincoln Square, Chicago, IL",,@neighborlychicago,Local Artists & Chicago Goods,"Local, independent, eco-friendly artists, Chicago twist, Midwest pride",$$,Perfect,,,,To Research,
Something Else,Brooklyn,Cobble Hill,"Cobble Hill, Brooklyn, NY",,@something_else_nyc,Independent Designer Boutique,"Hard-to-find independent designers, exclusive brands, home goods",$$-$$$,Strong,,,,To Research,
Ten Thousand Villages,Asheville,Kenilworth,"60 Kenilworth Knl, Asheville, NC 28805",https://www.tenthousandvillages.com/asheville,@tenthousandvillages,"Design Objects, Home Goods",Fair trade shop with handcrafted home goods and gifts from global artisans,$$,Strong,,,,To Research,
The Future Perfect,New York,NoHo,"55 Great Jones Street, New York, NY 10012",https://www.thefutureperfect.com,@thefutureperfect,"Design Objects, Home Goods","Contemporary design gallery, distinguished and emerging contemporary designers",$$$,Perfect,,,,To Research,
Byron & Blue,Austin,East Austin,"908 E 5th St, Austin, TX 78702",https://byronandblueshop.com,@byronandblue,"Design Objects, Home Goods","Thoughtfully curated home goods, clothing, accessories, gifts and vintage, celebrates independent designers",$$,Strong,,,,To Research,
Assembly Line,Brooklyn,Boerum Hill,Atlantic Ave between Bond and Hoyt,https://www.assemblyline.co/,@assemblyline.co,"Design Objects, Home Goods",Annoyingly pretty Scandinavian brands and local collaborations,$$,Perfect,,,,To Research,
The Perish Trust,San Francisco,Divisadero,"728 Divisadero St, San Francisco, CA 94117",https://www.theperishtrust.com,@theperishtrust,"Design Objects, Home Goods","Modern day general store, diligently collect, craft and curate well worn homegoods, finest local handywork",$$,Perfect,,,,To Research,
Esqueleto,Los Angeles,Los Feliz,"Los Feliz, Los Angeles, CA",https://shopesqueleto.com,@shopesqueleto,Handcrafted Jewelry & Home Goods,"Handcrafted jewelry, art, and home goods in flagship location",$$-$$$,Perfect,,,,To Research,
Mod Livin,Denver,Park Hill,"5327 E Colfax Ave, Denver, CO 80220",https://modlivin.com,@modlivin,"Design Objects, Home Goods",Affordable mid-century classics and modern furniture since 2001,$$,Perfect,,,,To Research,
Neighborly,Chicago,Wicker Park,"1554 N Milwaukee Ave, Chicago, IL 60622",https://neighborlyshop.com/,@neighborlyshop,"Design Objects, Home Goods",Woman-owned shop supporting 200+ small businesses with ethically-made home goods and gifts,$$,Perfect,,,,To Research,
Jack + Lola,Austin,South Austin,South Austin (exact address TBD),https://jackandlola.co/,@jackandlola,"Design Objects, Home Goods","Small batch goods with Western influence, Austin-inspired items",$$,Perfect,,,,To Research,
Propeller,San Francisco,Hayes Valley,"Hayes Valley, San Francisco, CA",,@propellersf,Modern Local Home Goods,"Must-see Hayes Valley spot, modern local flair, great staff",$$-$$$,Perfect,,Lorn Dittfeld,,To Research,
Sfingiday,Austin,South Lamar,"2058 S Lamar Blvd, Austin, TX 78704",https://www.sfingiday.com/,@sfingiday,"Design Objects, Home Goods",Woman-owned small business featuring local handmade goods and custom candles,$$,Perfect,,,,To Research,
Fig + Yarrow,Denver,LoHi,"3600 Tejon St, Denver, CO 80211",https://www.figandyarrow.co,@figandyarrow,"Design Objects, Home Goods",All-natural clean beauty and wellness products in historic firehouse setting,$$,Strong,,,,To Research,
A Custom House,Austin,Central Austin,"4626 Burnet Rd, Austin, TX 78756",https://www.acustomhouse.com/,@acustomhouseaustin,"Design Objects, Home Goods","Interior design studio and retail space with antique furniture, art and accessories",$$,Perfect,,,,To Research,
Grit & Grace Studio,Charleston,King Street,"125 King St, Charleston, SC 29401",https://www.gritandgracestudio.com,@gritandgracestudiolove,"Design Objects, Home Goods",Woman-owned sustainable studio crafting Lowcountry jewelry and oyster shell decor,$$,Strong,,,,To Research,
row.,Miami,Sunset Harbour,"Sunset Harbour, Miami Beach, FL",https://shoprowmiami.com/,@shoprowmiami,"Design Objects, Home Goods",Local luxury homeware retailer with curated collection of curious objects from emerging brands,$$,Perfect,,,,To Research,
Tesuque Glassworks,Santa Fe,Tesuque,"1 Tesuque Village Market, Tesuque, NM 87574",https://tesuqueglassworks.com,@tesuqueglassworks,"Design Objects, Home Goods",Glass studio and gallery with handblown glass art and functional home pieces,$$,Strong,,,,To Research,
Candid Home,Los Angeles,Silver Lake,"3039 Sunset Blvd, Los Angeles, CA 90027",https://candidhome.co,@candidhome,Vintage Furniture & Home Goods,"Colorful design store, vintage + sustainable modern, TV/film expertise",$$,Perfect,,Ashley Leahy,,To Research,
Watson Kennedy Fine Home,Seattle,Downtown,"1022 1st Ave, Seattle, WA 98104",https://watsonkennedy.com/,@watsonkennedy,"Design Objects, Home Goods","Stylish gifts and delightful homewares, fine china, over 20 years",$$,Perfect,,,,To Research,
Spartan Shop,Portland,SE Grand,"1210 SE Grand Ave, Portland, OR 97214",https://spartan-shop.com/,@spartanshop,"Design Objects, Home Goods","Curated eclectic minimalism like an art gallery, designer furniture",$$$,Perfect,,,,To Research,
Jinxed,Philadelphia,Fishtown,"1331 Frankford Ave, Philadelphia, PA 19125",https://jinxedphiladelphia.com,@jinxedstore,"Design Objects, Home Goods",Vintage furniture and housewares with 5 Philly locations,$$,Perfect,,,,To Research,
Patina + CO,Nashville,TBD,Nashville (exact address TBD),https://patina-co.com/,@patinaco,"Design Objects, Home Goods","Antiques accessible to everyone, volume and quality blend, sideboards chairs candles",$$,Perfect,,,,To Research,
Fredericks & Mae,New York,Lower East Side,"6 Allen Street, New York, NY",https://fredericksandmae.com,@fredericksandmae,Design Objects & Kitchen,"Famous for confetti cutting boards, wavy ceramics, art prints",$$$,Perfect,,,,To Research,
Burro,Los Angeles,Venice,"1409 Abbot Kinney Blvd, Venice, CA 90291",https://burrogoods.com,@burrogoods,Independent Boutique & Gifts,"Abbot Kinney staple, open daily 10:30am-6pm",$$,Strong,,,,To Research,
Common Things,NYC,East Village,76 East 7th Street,https://common-things.com/,@common_things_nyc,"Design Objects, Home Goods","Eclectic goods from unknown makers, cobalt blue storefront",$$,Perfect,,,,To Research,
Primecut,Portland,Central Eastside,Central Eastside (exact address TBD),https://www.primecutbags.com/,@primecutbags,"Design Objects, Home Goods",Dope leather bags and stylish design-forward gifts for the less expected,$$,Perfect,,,,To Research,
Hennepin Made,Minneapolis,Northeast,"1621 E Hennepin Ave, Minneapolis, MN 55414",https://hennepinmade.com,@hennepinmade,"Design Objects, Home Goods","Artisan-crafted glass lighting studio and showroom, sustainably made in Minneapolis",$$$,Perfect,,,,To Research,
Hoppe Shoppe,Portland,Central Eastside,Central Eastside (exact address TBD),https://hoppeshoppe.com/,@hoppeshoppe,"Design Objects, Home Goods","Former NYC stylist owner, gorgeous dinnerware candles lighting textiles, next level curation",$$,Perfect,,,,To Research,
Gohar World,New York,Nolita,"181 Lafayette Street, New York, NY",https://gohar.world,@goharworld,Tableware & Candles,"Sculptural curio cabinet, antique servingware, baguette candles",$$$,Perfect,,Laila & Nadia Gohar,,To Research,
The Boutique Charleston,Charleston,King Street,"302 King St, Charleston, SC 29401",https://theboutiquecharleston.com,@theboutiquecharleston,"Design Objects, Home Goods",Charleston institution for nearly 70 years specializing in European porcelain and custom linens,$$,Perfect,,,,To Research,
Collyer's Mansion,Brooklyn,Brooklyn Heights,"179 Atlantic Ave, Brooklyn, NY 11201",https://shopthemansion.com,@collyersmansion,"Design Objects, Home Goods","World of color, print, and pattern, colorful home decor from around the world",$$,Perfect,,,,To Research,
Home Design Store Miami,Miami,Northwest Miami,"3750 NW 46th St, Miami, FL 33142",https://homedesignstoremiami.com,@homedesignstoremiami,"Design Objects, Home Goods",Handmade solid wood furniture with unique personality & soul from global travels,$$,Perfect,,,,To Research,
Gibbes Museum Shop,Charleston,Downtown,"135 Meeting St, Charleston, SC 29401",https://www.gibbesmuseum.org/shop,@gibbesmuseum,"Design Objects, Home Goods","Fine arts museum shop with curated art books, design objects, and unique gifts",$$,Perfect,,,,To Research,
V&J Duncan,Savannah,Historic District,"12 E Taylor St, Savannah, GA 31401",https://vjduncan.com,@vjduncan,"Design Objects, Home Goods",Family-owned antique and design store with curated home furnishings and unique finds,$$,Strong,,,,To Research,
VIOLETAS Lifestyle & Home,Miami,Coral Gables,"257 Miracle Mile, Coral Gables, FL 33134",https://violetashomedesign.com/,@violetashomedesign,"Design Objects, Home Goods",Luxury home decor boutique with hand-selected exclusive accessories from around the world,$$,Perfect,,,,To Research,
Annie's Blue Ribbon General Store,Brooklyn,Park Slope,"232 5th Avenue, Brooklyn, NY 11215",,@anniesblueribbon,General Store & Gifts,Eclectic gift shop with home goods and local finds,$$,Strong,,,,To Research,
Nashville Farmers Market Gift Shop,Nashville,Downtown,"900 Rosa Parks Blvd, Nashville, TN 37208",https://nashvillefarmersmarket.org/,@nashfarmersmarket,"Design Objects, Home Goods",Local artisan marketplace with Tennessee-made goods and gifts,$$,Maybe,,,,To Research,
Gilded Owl,Los Angeles,Beverly Grove,7282 Beverly Blvd,https://www.thegildedowl.com/,@thegildedowl,"Design Objects, Home Goods","Hudson Valley decorative arts gallery, mid-century Italian furniture",$$,Perfect,,,,To Research,
M Collection Home + Design,New York,DUMBO,"14 Jay St, Brooklyn, NY 11201",https://mchdumbo.com/,@mcollectionnyc,"Design Objects, Home Goods",Unique furniture and interior design studio in Brooklyn design district,$$,Perfect,,,,To Research,
Mac & Murphy,Charleston,French Quarter,"19 Fulton St, Charleston, SC 29401",https://macandmurphy.com,@macandmurphy,"Design Objects, Home Goods","Curated lifestyle boutique with modern home goods, gifts, and design objects",$$,Perfect,,,,To Research,
JP General,Portland,Multnomah Village,Multnomah Village (exact address TBD),https://jpgeneralshop.com/,@jpgeneralshop,"Design Objects, Home Goods","Design-forward tabletop jewelry gardening barware, birthday gift destination",$$,Perfect,,,,To Research,
Candid Home,Los Angeles,Silver Lake,"3039 Sunset Blvd, Los Angeles, CA 90026",https://candidhome.co/,@candid.home,"Design Objects, Home Goods",Colorful design store and interior design studio with unique finds from around the world,$$,Perfect,,,,To Research,
Colleen Cloney Duncan Shop,Santa Fe,Museum Hill,"710 Camino Lejo, Santa Fe, NM 87505",https://shopmuseum.org/pages/museum-of-indian-arts-culture,@museumofnewmexico,"Design Objects, Home Goods",Museum of Indian Arts & Culture shop with Native American crafts and design objects,$$,Perfect,,,,To Research,
Asheville Emporium,Asheville,Downtown,"4 Biltmore Ave, Asheville, NC 28801",https://asheville-emporium.com,@ashevilleemporium,"Design Objects, Home Goods","Curated gift shop with local art, jewelry, and Asheville gifts next to Art Museum",$$,Strong,,,,To Research,
Kalon Studios,Los Angeles,Atwater Village,3559.5 Casitas Ave,https://kalonstudios.com/,@kalonstudios,"Design Objects, Home Goods",Minimalist wood furniture with landscaped roof deck,$$,Perfect,,,,To Research,
Lawson-Fenning,Los Angeles,Melrose/Hancock Park,"6824 Melrose Ave, Los Angeles, CA 90038",https://lawsonfenning.com,@lawsonfenning,Modern & Vintage Furniture,"High-design, low-price, mid-century + Scandinavian, handmade + vintage",$$-$$$,Perfect,,Glenn Lawson & Grant Fenning,,To Research,
LDV,Los Angeles,West Hollywood,"156 S. Robertson Blvd, Los Angeles, CA 90048",https://ldv.club,@ldvclub,Restored Art Deco Furniture,Immaculately restored art deco and 70s-era furniture,$$$,Perfect,,Guido Callarelli & Birta Ólafsdóttir,,To Research,
Prism,Seattle,Ballard,5208 Ballard Ave NW,https://www.prismseattle.com/,@prismseattle,"Design Objects, Home Goods","Modern his & her gifts, jewelry ceramics crystals, museum-worthy items",$$,Perfect,,,,To Research,
Simonas,Miami,Design District,"Miami Design District, Miami, FL 33137",https://simonas.us,@simonasluxuryhome,"Design Objects, Home Goods","Two decades of luxury decor expertise, finest china, silverware, glass, heritage and modern brands",$$$,Perfect,,,,To Research,
BEAM,Brooklyn,Williamsburg,"Williamsburg, Brooklyn, NY",https://beambk.com,@beambk,Modern Home Decor & Furniture,"Artfully curated modern furniture, lighting, Scandinavian brands",$$$,Perfect,,,,To Research,
One Fish Two Fish,Savannah,Design District,"401 Whitaker St, Savannah, GA 31401",https://www.onefishstore.com,@onefishstore,"Design Objects, Home Goods",Fine purveyors of style from around the world with home accessories and curated gifts,$$,Perfect,,,,To Research,
found,Seattle,Ballard,"5346 Ballard Ave NW, Seattle, WA 98107",https://www.foundballard.com/,@foundballard,"Design Objects, Home Goods",Vintage and local art boutique with bohemian chic home furnishings from around the world,$$,Perfect,,,,To Research,
The Yo Store,Portland,Northwest Portland,Northwest Portland (exact address TBD),https://yoportland.com/,@yoportland,"Design Objects, Home Goods","Design-forward fashion gifts home kids stuff, well curated full of color",$$,Perfect,,,,To Research,
Tortoise General Store,Los Angeles,Mar Vista,"12701 Venice Blvd, Los Angeles, CA 90066",https://shop.tortoisegeneralstore.com,@tortoisegeneralstore,"Design Objects, Home Goods","Slow and Steady design, Japanese home goods, items that grow in value over time",$$$,Perfect,,,,To Research,
Maker & Moss,San Francisco,Van Ness,"2800 Van Ness Ave, San Francisco, CA 94109",https://makerandmoss.com/,@makerandmoss,"Design Objects, Home Goods",Destination for unique home provisions sourced from local artists and craftspeople,$$,Perfect,,,,To Research,
The Citizenry,New York,SoHo,"22 Crosby Street, New York, NY 10013",https://www.the-citizenry.com,@the_citizenry,"Design Objects, Home Goods","Globally-inspired home decor, artisan-made, ethical craftsmanship meets elevated design",$$$,Perfect,,,,To Research,
NOLA Boards,New Orleans,Garden District,"3316 Magazine St, New Orleans, LA 70115",https://nolaboards.com,@nolaboards,"Design Objects, Home Goods","Handcrafted wooden kitchen accessories, countertops, and local gifts",$$,Perfect,,,,To Research,
Mother Co.,Minneapolis,Northeast,"2400 N Second St, Minneapolis, MN 55411",https://mother-plants.com,@shopmother,"Design Objects, Home Goods","Plant shop with pottery, home goods and design forward products",$$,Perfect,,,,To Research,
The WonderMart,New York,Greenpoint,"141 India St, Brooklyn, NY 11222",https://www.thewondermart.shop/,@shop_thewondermart,"Design Objects, Home Goods","Woman-owned gift shop showcasing handcrafted, locally-made goods from 250+ indie brands",$$,Perfect,,,,To Research,
Rare Device,San Francisco,Divisadero,"600 Divisadero St, San Francisco, CA 94117",https://raredevice.net/,@raredevice,"Design Objects, Home Goods",Woman-owned artist-focused gift store and gallery with design-forward unique gifts,$$,Perfect,,,,To Research,
Take Heart,Austin,East Austin,"East Austin, TX",,@takeheartaustin,Books Ceramics & Japanese Goods,"Japanese incense, independent books, ceramics from local artisans",$$-$$$,Perfect,,,,To Research,
Philadelphia Independents,Philadelphia,Old City,"35 N 3rd St, Philadelphia, PA 19106",https://philadelphiaindependents.com/,@philadelphia_independents,"Design Objects, Home Goods","All handmade, all local - gift boutique featuring 50+ Philadelphia makers",$$,Perfect,,,,To Research,
Maker & Moss,San Francisco,Hayes Valley,"Hayes Street, San Francisco, CA",,@makerandmoss,Natural Home Goods & Local Art,"Natural shapes and materials, local artists and craftspeople",$$-$$$,Perfect,,,,To Research,
Third Man Records,Detroit,Corktown,"441 W Canfield St, Detroit, MI 48201",https://thirdmanstore.com,@thirdmanrecords,"Design Objects, Home Goods","Jack White music store with vinyl, vintage audio equipment, and music-inspired home goods",$$,Maybe,,,,To Research,
Bean + Ro,Minneapolis,Linden Hills,"4528 France Ave S, Minneapolis, MN 55410",https://beanandro.com,@beanandro,"Design Objects, Home Goods","Custom stationery, gifts and home decor with womens apparel",$$,Strong,,,,To Research,
Pop-Up Home,Los Angeles,Melrose Hill,642 N. Western Ave,https://popuphome.com/,@popuphome,"Design Objects, Home Goods",Sculptural vintage furniture and 70s studio pottery,$$,Perfect,,,,To Research,
Beverly's NYC,New York,Lower East Side,"27 Orchard Street, New York, NY",https://beverlys.world,@thatgirlbeverly,Lifestyle & Art,"Fashion stylist's curated space, creative communities focus",$$$,Strong,,Beverly Nguyen,,To Research,
Counter-Space,Los Angeles,Silver Lake,"1837 Hyperion Ave, Los Angeles, CA 90027",,@counterspacela,Art & Design Objects,"Amazing art selection across eras and mediums, designer recommended",$$$,Perfect,,,,To Research,
DOORS NYC,New York,SoHo,"SoHo, New York, NY",https://doors.nyc,@doorsnyc,Concept Store,"Independent fashion, art, beauty talent in SoHo concept store",$$-$$$,Strong,,,,To Research,
Hester & Cook,Nashville,Hillsboro Village,Hillsboro Village (exact address TBD),https://hesterandcook.com/,@hesterandcook,"Design Objects, Home Goods","Paper placemat pads, table runners, dinnerware, well-loved stationary",$$,Perfect,,,,To Research,
Nordic Home,Minneapolis,Southwest,"620 W 58th St, Minneapolis, MN 55419",https://thenordichome.com,@the.nordic.home,"Design Objects, Home Goods",Scandinavian-inspired home furnishings and decor with Nordic design touch,$$,Perfect,,,,To Research,
Place & Gather,Boston,Charlestown,Charlestown (exact address TBD),https://place-gather.com/,@placeandgather,"Design Objects, Home Goods","Massachusetts heritage, boutique lifestyle, throw blankets seasonal decor",$$,Perfect,,,,To Research,
Altar,Portland,Hawthorne,"4933 SE Hawthorne Blvd, Portland, OR 97215",https://altarpdx.com/,@altarpdx,"Design Objects, Home Goods",Boutique focusing on independent designers with sustainable and ethically made home goods,$$,Perfect,,,,To Research,
Big Night West Village,NYC,West Village,236 West 10th Street,https://bignightbk.com/,@bignightbk,"Design Objects, Home Goods","Haven for dinner party hosts, playful NYC apartment fantasy",$$,Perfect,,,,To Research,
Tappan Collective,Los Angeles,Melrose,8200 Melrose Ave (corner from House of Leon),https://www.tappancollective.com/,@tappancollective,"Design Objects, Home Goods","Art gallery with emerging talent, seamlessly integrate art into residential spaces",$$,Perfect,,,,To Research,
Shop in the City,Minneapolis,Southwest,"3930 W 50th St, Minneapolis, MN 55424",https://shopinthecityedina.com,@shopinthecity,"Design Objects, Home Goods","Best Lifestyle Store by Mpls St Paul Magazine, luxury candles and unique gifts",$$,Perfect,,,,To Research,
Jayson Home,Chicago,Lincoln Park,"1885 N Clybourn Ave, Chicago, IL 60614",https://jaysonhome.com,@jaysonhome,Vintage Furniture & Home Decor,"Beloved vintage furniture/decor/botany mecca, re-imagined vintage finds",$$$,Perfect,info@jaysonhome.com,,,To Research,
Glasswing,Seattle,Capitol Hill,"1525 Melrose Ave, Seattle, WA 98122",https://glasswingshop.com/,@glasswingshop,"Design Objects, Home Goods","Multi-brand lifestyle store with clothing and home goods from US, Europe, Japan",$$,Strong,,,,To Research,
Jill Rosenwald Studio,Boston,TBD,Boston (exact address TBD),https://jillrosenwald.com/,@jillrosenwald,"Design Objects, Home Goods","Handmade pottery and ceramics, vibrant colorful designs, local Boston made",$$,Perfect,,,,To Research,
Homebody Denver,Denver,Cherry Creek North,"2920 E 6th Avenue, Denver, CO 80206",https://www.homebodydenver.com,@homebodydenver,"Design Objects, Home Goods",Stylish lifestyle concept store mixing fashion and curated home goods,$$,Perfect,,,,To Research,
Feng Sway,Brooklyn,Greenpoint,Greenpoint (exact address TBD),https://fengsway.com/,@feng_sway,"Design Objects, Home Goods","Colorful, frenetic, eclectic Urban Outfitters vibes",$$,Perfect,,,,To Research,
Vivid Home,Minneapolis,North Loop,"100 Second Ave N, Minneapolis, MN 55401",https://vividhomempls.com,@vividhomempls,"Design Objects, Home Goods",Award-winning interior design studio with curated luxury home goods retail space,$$$,Perfect,,,,To Research,
Tender Loving Empire,Portland,Northwest Portland,Northwest Portland (exact address TBD),https://tenderlovingempire.com/,@tenderlovingempire,"Design Objects, Home Goods","Classic Portland indie store, gifts souvenirs jewelry mugs candles, small makers",$$,Perfect,,,,To Research,
Neatly Nested,Boston,South Boston,South Boston (exact address TBD),https://neatlynestedboston.com/,@neatlynestedboston,"Design Objects, Home Goods","Coastal farmhouse transitional decor, unique gifts furniture cards Christmas decor",$$,Perfect,,,,To Research,
Denver Art Museum Shop,Denver,Golden Triangle,"100 W 14th Ave Pkwy, Denver, CO 80204",https://denverartmuseum.org/shop,@denverartmuseum,"Design Objects, Home Goods","Museum shop with curated art books, design objects, and unique gifts",$$,Perfect,,,,To Research,
Savannah Belle Boutique,Savannah,Historic District,"229 W Broughton St, Savannah, GA 31401",https://savannahbelleboutique.com,@savannahbelleboutique,"Design Objects, Home Goods","Unique boutique with local art, handcrafted gifts, and one-of-a-kind home decor",$$,Strong,,,,To Research,
Boston General Store,Boston,Coolidge Corner,"305 Harvard Street, Brookline, MA 02446",https://bostongeneralstore.com,@bostongeneralstore,"Design Objects, Home Goods","Curated Japanese-influenced home goods, candles, notebooks and lifestyle products",$$,Perfect,,,,To Research,
,,,,,,,,,,,,,,
Array Home,Santa Fe,Railyard District,"322 S Guadalupe St, Santa Fe, NM 87501",https://www.arrayhome.com,@arrayhome,"Design Objects, Home Goods","Modern mercantile with artisanal home treasures, textiles, linens, and candles",$$,Perfect,,,,To Research,
City Home,Portland,Central Eastside,"1101 SE 3rd Ave, Portland, OR 97214",https://cityhomepdx.com/,@cityhomepdx,"Design Objects, Home Goods",Vintage-inspired modern furniture and home decor showrooms,$$,Perfect,,,,To Research,
Notary Ceramics,Portland,Sellwood,Sellwood (exact address TBD),https://www.notaryceramics.com/,@notaryceramics,"Design Objects, Home Goods","Portland ceramicist Sarah masters gorgeous kitchen ceramics, lovely person",$$,Perfect,,,,To Research,
Inner Gardens,Los Angeles,Culver City,4444 Sepulveda Blvd,https://innergardens.com/,@innergardens,"Design Objects, Home Goods","Former bank building, global finds and reproduction pots, serendipity focus",$$,Perfect,,,,To Research,
ComeUnityPDX,Portland,Multnomah Village,Multnomah Village (exact address TBD),https://www.comeunitypdx.com/,@comeunitypdx,"Design Objects, Home Goods","Local artists and designers celebration, expose to new artists, community focus",$$,Perfect,,,,To Research,
Treehaus,Los Angeles,Atwater Village,Atwater Village (exact address TBD),https://treehausla.com/,@treehausla,"Design Objects, Home Goods","Local and independent designers, fashion to home goods to toys",$$,Perfect,,,,To Research,
LEIF,Brooklyn,Williamsburg,"99 Grand Street, Brooklyn, NY 11249",https://www.leifshop.com,@leifshop,"Design Objects, Home Goods","Brooklyn's most delightfully curated boutique, home decor and tabletop",$$,Perfect,,,,To Research,
Isabel Fine Home Accessories,Miami,South Miami,"7334 SW 57th Avenue, Miami, FL 33143",https://somimag.com/isabel-fine-home-accessories/,@isabelfinehome,"Design Objects, Home Goods",25+ years curating gorgeous home accessories and gifts,$$,Perfect,,,,To Research,
Wish Gifts,Denver,University Hills,"750 S University Blvd, Denver, CO 80209",https://wishgiftsdenver.com,@wishgiftsdenver,"Design Objects, Home Goods",Award-winning locally owned gift boutique with elevated home decor and curated finds,$$,Strong,,,,To Research,
MadeHere PDX,Portland,Pearl District,Pearl District (exact address TBD),https://madeherepdx.com/,@madeherepdx,"Design Objects, Home Goods","Locally-made products showcase, expansive showroom, Portland-based designers",$$,Perfect,,,,To Research,
Front General Store,Brooklyn,DUMBO,DUMBO (exact address TBD),https://frontgeneralstore.com/,@frontgeneralstore,"Design Objects, Home Goods",Japanese-owned shop with homeware and upstairs annex,$$,Perfect,,,,To Research,
Cargo,Portland,Central Eastside,Central Eastside (exact address TBD),https://cargoinc.com/,@cargoinc,"Design Objects, Home Goods","Makers mall whole experience, pop-ups from local designers, if only one place in Portland",$$,Perfect,,,,To Research,
Gem Home,New York,Nolita,"181 Mott St, New York, NY 10012",https://www.gemhomenyc.com/,@gem.nyc,"Design Objects, Home Goods",Chic cafe and home goods store with vintage finds and artisanal objects,$$,Perfect,,,,To Research,
shopSCAD,Savannah,Madison Square,"340 Bull St, Savannah, GA 31401",https://www.shopscad.com,@shopscad,"Design Objects, Home Goods","SCAD student and faculty artwork, textiles, jewelry, and photography showcase",$$,Perfect,,,,To Research,
Take Heart,Austin,East Austin,"1211 E 11th St, Suite 100, Austin, TX 78702",https://www.takeheartshop.com,@takeheartshop,"Design Objects, Home Goods",Thoughtfully chosen selection of handmade and well designed objects for the home and person,$$,Perfect,,,,To Research,
Draper James,Nashville,12 South,"2608 12th Avenue South, Nashville, TN 37204",https://draperjames.com/,@draperjames,"Design Objects, Home Goods",Reese Witherspoon Southern charm boutique with home decor,$$,Strong,,,,To Research,
Sanders Gifts & Home Accents,Savannah,Historic District,"225 E Bay St, Savannah, GA 31401",https://sandersgifts.com,@sandersgifts,"Design Objects, Home Goods","Must-hit boutique for serious shoppers with home decor, jewelry, and local goods",$$,Perfect,,,,To Research,
Verde,Philadelphia,Center City,"108 S 13th St, Philadelphia, PA 19107",https://verdephiladelphia.com,@verdephilly,"Design Objects, Home Goods","Women-owned boutique with jewelry, accessories and home items",$$,Strong,,,,To Research,
Zèle NOLA,New Orleans,Garden District,"2841 Magazine St, New Orleans, LA 70115",,@zele_nola,"Design Objects, Home Goods",Artist collective featuring over 100 local makers,$$,Strong,,,,To Research,
Whites Mercantile,Nashville,Hillsboro Village,"4015 Hillsboro Pike, Nashville, TN 37215",https://whitesmercantile.com/,@whitesmercantile,"Design Objects, Home Goods",General store for the modern-day tastemaker,$$,Perfect,,,,To Research,
Tivoli,New Orleans,Garden District,"2028 Magazine St, New Orleans, LA 70130",,@tivoli.nola,"Design Objects, Home Goods",Curated gift shop with beautiful home accessories,$$,Strong,,,,To Research,
Kettle & Brine,Austin,South Lamar,Lamar Boulevard (exact address TBD),https://kettleandbrine.com/,@kettleandbrine,"Design Objects, Home Goods","Beautiful kitchenware and handmade heirloom items, chef focus",$$,Perfect,,,,To Research,
Hazelnut,New Orleans,Uptown,"5525 Magazine St, New Orleans, LA 70115",https://hazelnutneworleans.com,@hazelnutneworleans,"Design Objects, Home Goods","Gifts and home furnishings, elegant tabletop and decor",$$,Perfect,,,,To Research,
Pierce & Ward,Los Angeles,Los Feliz,"1956 Hillhurst Ave, Los Angeles, CA 90027",https://pierceandward.com/,@pierceandward,"Design Objects, Home Goods",Interior designers showroom with vintage/antique furniture and LA-made ceramics and art,$$,Perfect,,,,To Research,
Hunt & Gather,Minneapolis,Linden Hills,"4944 Xerxes Ave S, Minneapolis, MN 55410",https://huntandgatherantiques.com,@huntandgathermpls,"Design Objects, Home Goods","Vintage amusement store with groovy oddities, curiosities and home decor",$$,Strong,,,,To Research,
Shop at Matter,Denver,RiNo,"2114 Market St, Denver, CO 80205",https://www.shopatmatter.com,@shopatmatter,"Design Objects, Home Goods","Black and woman-owned shop for designers with books, home goods, and art supplies",$$,Strong,,,,To Research,
Heath Ceramics,San Francisco,Mission,"2900 18th Street, San Francisco, CA 94110",https://heathceramics.com,@heathceramics,Ceramics & Home Goods,"Sustainably handcrafted dinnerware, tile, curated home goods",$$$,Perfect,,,,To Research,
Local Take,San Francisco,Castro,"4122 18th Street, San Francisco, CA 94114",,@localtakesf,SF-Inspired Gifts & Local Goods,"San Francisco-inspired items, locally-made products, gift shop",$$,Strong,,,,To Research,
Coming Soon,New York,Lower East Side,"53 Canal Street, New York, NY 10002",https://comingsoonnewyork.com,@comingsoonny,"Design Objects, Home Goods","Home fashion, contemporary design objects and furniture by Helena Barquet and Fabiana Faria",$$,Perfect,,,,To Research,
The Lark,Denver,Country Club,"1219 E 4th Ave, Denver, CO 80218",https://www.thelarkdenver.com,@thelarkdenver,"Design Objects, Home Goods",Locally owned home decor store since 1971 with traditional furnishings and designer accessories,$$,Perfect,,,,To Research,
Urbanspace Interiors,Austin,Downtown,Downtown Austin (exact address TBD),https://www.urbanspaceinteriors.com/,@urbanspaceinteriors,"Design Objects, Home Goods","Uber modern, whimsical accessories, Missoni throws, custom lightboxes",$$,Perfect,,,,To Research,
M Collection Home + Design,Brooklyn,DUMBO,DUMBO (exact address TBD),https://mchdumbo.com/,@mcollectionhome,"Design Objects, Home Goods",Studio showroom featuring curated brands furniture and homeware,$$,Perfect,,,,To Research,
Station 7,Seattle,Capitol Hill,"Capitol Hill, Seattle, WA",https://station7seattle.com/,@station7seattle,"Design Objects, Home Goods",Home goods shop in old firehouse with locally made goods and gifts,$$,Perfect,,,,To Research,
Miller Lane Mercantile,Denver,Berkeley,"4315 W 44th Avenue, Denver, CO 80212",https://www.millerlanemercantile.com,@millerlanemercantile,"Design Objects, Home Goods","Simple goods for slow living, eco-friendly curated kitchenware and home decor",$$,Perfect,,,,To Research,
Lynn Godfrey Brown Shop,Santa Fe,Museum Hill,"706 Camino Lejo, Santa Fe, NM 87505",https://shopmuseum.org/pages/museum-of-international-folk-art,@museumofnewmexico,"Design Objects, Home Goods","Museum of International Folk Art shop with global crafts, jewelry, and artworks",$$,Perfect,,,,To Research,
Parc Shop,Minneapolis,North Loop,"117 N 8th Ave, Minneapolis, MN 55403",https://parcboutique.com,@parcshop,"Design Objects, Home Goods",Sustainable fashion and lifestyle boutique with ethical independent designers,$$,Strong,,,,To Research,
There There,Asheville,River Arts District,"12 Old Lyman St, Asheville, NC 28801",https://therethereshop.co,@therethereshop,"Design Objects, Home Goods",Consciously made comforting goods from small makers and ethical brands,$$,Perfect,,,,To Research,
BEAM,Brooklyn,Williamsburg,"272 Kent Ave, Brooklyn, NY 11249",https://beambk.com,@beambrooklyn,"Design Objects, Home Goods","Artfully curated selection for modern home, encourages well-designed life",$$,Perfect,,,,To Research,
The Future Perfect,New York,Tribeca,"Tribeca, Manhattan, NY",https://thefutureperfect.com,@thefutureperfect,Independent Artist Works,Work of independent artists disguised as everyday apartment items,$$$,Perfect,,,,To Research,
Dobbin Street Vintage Co-op,Brooklyn,Greenpoint,Greenpoint + Williamsburg locations,http://dobbinstcoop.com/,@dobbinstcoop,"Design Objects, Home Goods","Vintage homeware, furniture, clothes co-op with Instagram drops",$$,Perfect,,,,To Research,
East Fork Pottery,Brooklyn,Boerum Hill,"377A Atlantic Avenue, Brooklyn, NY 11217",https://eastfork.com,@eastforkpottery,Ceramics & Home Goods,"Asheville-based ceramics, heirloom dinnerware, artisan textiles",$$$,Perfect,brooklyn@eastfork.com,,,To Research,
East Fork Pottery,Asheville,Downtown,"2 S Pack Square, Asheville, NC 28801",https://www.eastfork.com,@eastforkpottery,"Design Objects, Home Goods",Certified B Corp pottery flagship with thoughtfully made dinnerware and tabletop objects,$$,Perfect,,,,To Research,
Virtu,Chicago,Logan Square,Logan Square (exact address TBD),https://virtulogansquare.com/,@virtulogansquare,"Design Objects, Home Goods","Two local designers shop, showcases 170+ local artisans, Logan Square collective",$$,Perfect,,,,To Research,
Spiegelberg Shop,Santa Fe,Plaza,"113 Lincoln Ave, Santa Fe, NM 87501",https://shopmuseum.org/pages/the-speigelberg-shop-at-the-new-mexico-history-museum,@museumofnewmexico,"Design Objects, Home Goods","New Mexico History Museum shop with regional art, books, and cultural gifts",$$,Perfect,,,,To Research,
Global Table,New York,SoHo,"107 Sullivan St, New York, NY 10012",https://globaltable.com/,@shopglobaltable,"Design Objects, Home Goods","Treasure trove of ceramics and glassware from small brands and artisans worldwide, since 1996",$$,Perfect,,,,To Research,
Logan Mercantile,Chicago,Logan Square,"3505 W Fullerton Ave, Chicago, IL 60647",https://shop.loganmercantile.com,@loganmercantile,"Design Objects, Home Goods","Quality before quantity, simple timeless functional goods from skilled artisans worldwide",$$,Perfect,,,,To Research,
Splurge,Asheville,Biltmore Village,"34 All Souls Crescent, Asheville, NC 28803",https://splurgeonline.com,@splurgebiltmore,"Design Objects, Home Goods","Upscale home decor boutique with furniture, accessories, and unique gifts",$$,Perfect,,,,To Research,
LEIF,New York,Williamsburg,"99 Grand St, Brooklyn, NY 11249",https://www.leifshop.com/,@leifshop,"Design Objects, Home Goods","Brooklyns most expertly curated boutique with home decor, jewelry, artwork",$$,Perfect,,,,To Research,
Lulus Furniture & Decor,Denver,Greenwood Village,"5910 S University Blvd, E3 Greenwood Village, CO 80121",https://lulusfurniture.com,@lulusfurniture,"Design Objects, Home Goods",Locally owned furniture and decor store voted best in Denver by 5280 magazine,$$,Strong,,,,To Research,
Glasswing,Seattle,Capitol Hill,1525 Melrose Ave,https://www.glasswingshop.com/,@glasswingshop,"Design Objects, Home Goods","Hipster goods and plants, Kinfolk magazine aesthetic, indie designers",$$,Perfect,,,,To Research,
Place & Gather,Boston,Charlestown,"26 Common St, Charlestown, MA 02129",https://placeandgather.com,@placeandgather,"Design Objects, Home Goods",Charlestown home decor boutique with locally sourced products and gifts,$$,Perfect,,,,To Research,
Detroit Hustles Harder,Detroit,Eastern Market,"1444 Gratiot Ave, Detroit, MI 48207",https://detroithustlesharder.com,@detroithustlesharder,"Design Objects, Home Goods","Local pride shop featuring Detroit-made products, home decor, and artisan goods",$$,Strong,,,,To Research,
Decade Gifts,Denver,South Broadway,"1463 S Broadway, Denver, CO 80210",https://decadegifts.com,@decadegifts,"Design Objects, Home Goods",Vintage boutique with locally crafted products and unique treasures on Antique Row,$$,Maybe,,,,To Research,
Tumbleweed Boutique,Portland,Alberta Arts District,1812 NE Alberta St,https://tumbleweedboutique.com/,@tumbleweedboutique,"Design Objects, Home Goods","Independent-label womens clothing and home decor, unique pieces for home",$$,Perfect,,,,To Research,
row.,Miami,Sunset Harbour,"1201 20th St CU3, Miami Beach, FL",https://shoprowmiami.com/,@row_miami,"Design Objects, Home Goods",Curated collection of curious objects for the home,$$,Perfect,,,,To Research,
Urban Poppy,Savannah,Plant Riverside District,"400 West River St, Savannah, GA 31401",https://urbanpoppy.com,@urbanpoppy,"Design Objects, Home Goods","Botanical boutique with famous flower bar, botanical gifts, and home decor",$$,Strong,,,,To Research,
Gold Dogs,Seattle,Ballard,"5221 Ballard Ave NW, Suite A, Seattle, WA 98107",https://shopgolddogs.com/,@shopgolddogs,"Design Objects, Home Goods","Rock n roll and cowboy boots theme, vintage, reworked and new goods",$$,Strong,,,,To Research,
Take Heart,Austin,East Austin,"1211 E 11th St, Suite 100, Austin, TX 78702",https://www.takeheartshop.com/,@takeheartshop,"Design Objects, Home Goods",Thoughtfully curated selection of handmade objects including Japanese ceramics and local artisan pieces,$$,Perfect,,,,To Research,
Yolk,Los Angeles,Silver Lake,"3910 W Sunset Blvd, Los Angeles, CA 90029",https://shopyolk.com/,@shopyolk,"Design Objects, Home Goods","Cool gifts, quality toys, artisan goods and creative homewares at Sunset Junction",$$,Perfect,,,,To Research,
The Shop at the Gardens,Denver,Cheesman Park,"1007 York St, Denver, CO 80206",https://www.botanicgardens.org/york-street/shop-gardens,@denbotanicgardens,"Design Objects, Home Goods",Denver Botanic Gardens museum shop with botanical-inspired home goods and handcrafted items,$$,Perfect,,,,To Research,
Nannie Inez,Austin,South Austin,South Austin (exact address TBD),https://nannieinez.com/,@nannieinez,"Design Objects, Home Goods","Danish HAY design house, one-of-a-kind artwork, complimentary champagne",$$,Perfect,,,,To Research,
Dunn & Sonnier,New Orleans,Garden District,"3437 Magazine St, New Orleans, LA 70115",,@dunnandsonnier,"Design Objects, Home Goods","Antiques, flowers and charming gifts in historic space",$$,Perfect,,,,To Research,
Sue Fisher King,San Francisco,Fillmore,"1913 Fillmore St, San Francisco, CA 94115",https://www.suefisherking.com,@suefisherking,"Design Objects, Home Goods","Refined and quality home goods, finest in home design and gifts with rich stories",$$$,Perfect,,,,To Research,
Flourish & Foundry,Boston,Faneuil Hall,"2 S Market St, Boston, MA 02109",https://flourishandfoundryshop.com,@flourishfoundry,"Design Objects, Home Goods",Locally owned home decor and artisan gifts in Faneuil Hall Marketplace,$$,Perfect,,,,To Research,
Gracious Home,New York,Upper East Side,"Upper East Side, Manhattan, NY",https://graicioushome.com,@graicioushome,Upscale Home Goods,"Luxury bedding, kitchenware, upscale home decor items",$$$,Perfect,,,,To Research,
GasLamp Antiques & GasLamp Too,Nashville,Powell Place,"100 Powell Pl, Ste 200, Nashville, TN 37204",https://gaslampantiques.com/,@gaslampantiques,"Design Objects, Home Goods",One of Tennessee largest antique malls with furniture and decorations,$$,Strong,,,,To Research,
JP General,Portland,Multnomah Village,"7868 SW Capitol Highway, Portland, OR 97219",https://jpgeneralshop.com/,@jpgeneralshop,"Design Objects, Home Goods","Modern, functional, beautiful home goods and unique gifts",$$,Perfect,,,,To Research,
Lucca Great Finds,Seattle,Ballard,"5332 Ballard Ave NW, Seattle, WA",https://www.luccagreatfinds.com/,@luccagreatfinds,"Design Objects, Home Goods","Gift shop with paper goods, housewares, and gifts on old Ballard Avenue",$$,Perfect,,,,To Research,
The Primary Essentials,New York,Boerum Hill,"372 Atlantic Ave, Brooklyn, NY 11217",https://theprimaryessentials.com/,@theprimaryessentials,"Design Objects, Home Goods",Expertly-curated artisanal home goods and gifts by select designers,$$,Perfect,,,,To Research,
Blue Owl Workshop,Seattle,Fremont,"124 NW Canal St, Seattle, WA 98107",https://blueowl.us/,@blueowl,"Design Objects, Home Goods","Premium menswear and accessories from Japanese, American, European artisans",$$,Strong,,,,To Research,
December Thieves,Boston,Beacon Hill,"51 Charles St, Boston, MA 02114",https://decemberthieves.com,@decemberthieves,"Design Objects, Home Goods","Eclectic boutique with independent designers, home decor and handcrafted jewelry",$$,Strong,,,,To Research,
Our Place,Los Angeles,Venice,"1344 Abbot Kinney Blvd, Venice, CA 90291",https://fromourplace.com,@ourplace,"Design Objects, Home Goods","Beautiful pieces for cookware and home goods, building a bigger table since 2019",$$$,Strong,,,,To Research,
Shop Zung,New York,SoHo,"41 Grand Street, New York, NY 10013",https://shopzung.com,@shopzung,Design Concept Store,"Studio Zung furniture, artisan objects, tea menagerie",$$$,Perfect,,Tommy Zung,,To Research,
House of Hackney,Los Angeles,Los Feliz,"1956 Hillhurst Ave, Los Angeles, CA 90027",https://houseofhackney.com,@houseofhackney,Wallpapers & Home Textiles,"Victorian-inspired botanical and animal prints, wallpapers, fabrics",$$$,Perfect,,Frieda Gormley & Javvy M Royle,,To Research,
Candlefish,Charleston,King Street,"270 King St, Ste B, Charleston, SC 29401",https://www.candlefish.com,@shopcandlefish,"Design Objects, Home Goods","Immersive candle studio with fragrance library, workshops, and curated home goods",$$,Perfect,,,,To Research,
Pure Detroit,Detroit,Midtown,"441 W Canfield St, Detroit, MI 48201",https://www.puredetroit.com,@puredetroit,"Design Objects, Home Goods","Detroit-themed gifts, apparel, and home goods celebrating Motor City culture",$$,Strong,,,,To Research,
Wilderhouse,Chicago,Wicker Park,"1339 N Damen Ave, Chicago, IL 60622",https://www.wilderhouse.com,@wilderhouse,"Design Objects, Home Goods","Purveyor of beauty, thoughtful creative work, curated collection of useful and beautiful home items",$$,Perfect,,,,To Research,
Heritage By Hand,Santa Fe,Plaza,"125 E Palace Ave #33, Santa Fe, NM 87501",https://heritagebyhand.com,@heritagebyhand,"Design Objects, Home Goods",Master artisan handmade products with sustainable materials inspired by nature,$$,Perfect,,,,To Research,
,,,,,,,,,,,,,,
Foursided,Chicago,Lakeview,"2958 N Clark St, Chicago, IL 60657",https://foursided.com,@foursidedchicago,"Design Objects, Home Goods","One-of-a-kind boutique for custom framing, vintage finds, indie designed cards, gifts",$$,Strong,,,,To Research,
Plural Collective,Portland,Sellwood,Sellwood (exact address TBD),https://plural-collective.com/,@pluralcollective,"Design Objects, Home Goods","Local small makers, jewelry plants kids clothes accessories, gift bag favorites",$$,Perfect,,,,To Research,
Olive Ateliers,Los Angeles,Arts District,1210 Mateo St,https://oliveateliers.com/,@oliveateliers,"Design Objects, Home Goods","Objects with old souls, century-old olive tree centerpiece",$$,Perfect,,,,To Research,
December Thieves,Boston,TBD,Boston (exact address TBD),https://decemberthieves.com/,@decemberthieves,"Design Objects, Home Goods","Eclectic vintage and contemporary worldwide pieces, conversation starters",$$,Perfect,,,,To Research,
Hudson Grace,New York,West Village,"405 Bleecker St, New York, NY 10014",https://hudsongracesf.com/,@hudsongracesf,"Design Objects, Home Goods","Timeless entertaining essentials, drinkware, dinnerware, ceramics and decor",$$,Perfect,,,,To Research,
Nickey Kehoe NYC,New York,Tribeca,"Tribeca, New York, NY",https://nickeykehoe.com,@nickeykehoe,LA Design Store NYC Outpost,"LA-based design store NYC outpost, curated home goods",$$$,Perfect,,,,To Research,
Henry Ford Museum Shop,Detroit,Dearborn,"20900 Oakwood Blvd, Dearborn, MI 48124",https://www.thehenryford.org/visit/museum-store,@thehenryford,"Design Objects, Home Goods","Museum shop with American innovation-inspired gifts, hand-blown ornaments, and design objects",$$,Perfect,,,,To Research,
House of Leon,Los Angeles,Melrose,8200 Melrose Ave,https://house-of-leon-furniture.com/,@houseofleon,"Design Objects, Home Goods","Stylish Turkish-made furniture, family atelier production",$$,Perfect,,,,To Research,
Whitney Museum Shop,New York,Meatpacking District,"99 Gansevoort Street, New York, NY 10014",https://shop.whitney.org,@whitneymuseum,Museum Shop & Artist Collaborations,"Artist collaborations, cashmere by Lingua Franca, design objects",$$$,Perfect,,,,To Research,
Santa Fe Dry Goods,Santa Fe,Plaza,"53 Old Santa Fe Trl, Santa Fe, NM 87501",https://santafedrygoods.com,@santafedrygoods,"Design Objects, Home Goods",Historic plaza shop with beautifully made clothing and home goods since 1985,$$,Strong,,,,To Research,
Nest,Detroit,Midtown,"460 W Canfield St, Detroit, MI 48201",https://www.nestdetroit.com,@nestdetroit,"Design Objects, Home Goods","Sister store to City Bird with thoughtfully curated home goods, planters, candles, and barware",$$,Perfect,,,,To Research,
Oblation Papers & Press,Portland,Pearl District,"516 NW 12th Ave, Portland, OR 97209",https://oblationpapers.com/,@oblationpapers,"Design Objects, Home Goods","Handmade papers, stationery, fountain pens, letterpress boutique",$$,Strong,,,,To Research,
Humble House,Brooklyn,Boerum Hill,Atlantic Ave (exact address TBD),https://www.instagram.com/humblehousebrooklyn/,@humblehousebrooklyn,"Design Objects, Home Goods","Feels like a home, brownstone parlor aesthetic",$$,Perfect,,,,To Research,
MoMA Design Store Soho,New York,SoHo,"81 Spring Street, New York, NY 10012",https://store.moma.org,@momadesignstore,Museum Shop & Design Objects,"Modern design classics, MoMA collection pieces, cutting-edge products",$$$,Perfect,,,,To Research,
Homefest,Denver,Greenwood Village,"5912 S Holly St, Greenwood Village, CO 80111",https://homefestdecor.com,@homefestdecor,"Design Objects, Home Goods",Family-owned artisan home goods specializing in handcrafted pieces for 30+ years,$$,Perfect,,,,To Research,
Parish,Nashville,The Gulch,"411 11th Ave S, Nashville, TN 37203",https://parishnashville.com/,@parishnashville,"Design Objects, Home Goods",Upscale boutique by celebrity stylist with boho-chic accessories,$$,Strong,,,,To Research,
KORE +nashville,Nashville,Edgehill Village,Edgehill Village (exact address TBD),https://korenashville.com/,@korenashville,"Design Objects, Home Goods","Design and lifestyle boutique, well-curated selection of goods",$$,Perfect,,,,To Research,
Venue Ballard,Seattle,Ballard,5408 22nd Ave NW,https://www.venueballard.com/,@venueballard,"Design Objects, Home Goods","Pacific Northwest artists under-the-radar, art focus, styles for all tastes and ages",$$,Perfect,,,,To Research,
Rare Device,San Francisco,Hayes Valley,"Divisadero at Hayes, San Francisco, CA",https://raredevice.net,@raredevicesf,Cute Objects & Gifts,"Cute things, Hayes Valley location on Divisadero",$$,Strong,,,,To Research,
Made in TN,Nashville,12 South,"2905 12th Ave South, Suite 102, Nashville, TN 37204",https://shopmadeintn.com/,@shopmadeintn,"Design Objects, Home Goods","Tennessee-made gifts, artisan products, and locally crafted goods",$$,Perfect,,,,To Research,
Open House,Philadelphia,Center City,"107 S 13th St, Philadelphia, PA 19107",https://openhouseliving.com,@openhousephilly,"Design Objects, Home Goods",Locally owned shop with unique Philly themed items and home goods,$$,Strong,,,,To Research,
Wynwood Shop,Miami,Wynwood,"181 NW 25th St, Miami, FL 33127",https://www.yelp.com/biz/wynwood-shop-miami,@wynwoodshop,"Design Objects, Home Goods",Art-focused accessories and home goods in artistic neighborhood,$$,Strong,,,,To Research,
Home Malone,New Orleans,Uptown,"4610 Magazine St, New Orleans, LA 70115",https://homemalonenola.com,@homemalonenola,"Design Objects, Home Goods","Gift store curated with Southern charm, local art and home decor",$,Strong,,,,To Research,
Modern Nomad Home + Studio,Denver,Golden Triangle,"1211 Delaware Street, Denver, CO 80204",https://modernnomadhome.com,@modernnomadhome,"Design Objects, Home Goods",Design collective featuring functional everyday essentials and travel-inspired decor,$$,Perfect,,,,To Research,
The Southern Welcome,Charleston,Downtown,"46 John St, Charleston, SC 29403",https://thesouthernwelcome.com,@thesouthernwelcome,"Design Objects, Home Goods",Charleston premier destination for curated gifts and custom gifting services,$$,Perfect,,,,To Research,
City Bird,Detroit,Midtown,"460 W Canfield St, Detroit, MI 48201",https://www.citybirddetroit.com,@citybirddetroit,"Design Objects, Home Goods","Local favorite featuring 200+ Detroit artists with housewares, accessories, and unparalleled greeting cards",$$,Perfect,,,,To Research,
Paper Source,Charleston,King Street,"232 King St, Charleston, SC 29401",https://www.papersource.com/stores/charleston,@papersource,"Design Objects, Home Goods","Premium stationery, party supplies, and design-forward paper goods and gifts",$$,Strong,,,,To Research,
Grace & Co,Minneapolis,Linden Hills,"4317 Upton Ave S, Minneapolis, MN 55410",,@graceandcmpls,"Design Objects, Home Goods","Local artists gallery featuring jewelry, cards, coasters and home goods",$$,Strong,,,,To Research,
Tailored Home,Philadelphia,Chestnut Hill,"8528 Germantown Ave, Philadelphia, PA 19118",https://shoptailoredhome.com,@shoptailoredhome,"Design Objects, Home Goods","Luxury home goods with fine china, glass, and customized furniture",$$$,Perfect,,,,To Research,
Show Pony Boutique,Seattle,Fremont,"Fremont Avenue, Seattle, WA",https://showponyboutique.com/,@showponyboutique,"Design Objects, Home Goods",Hand-selected pieces from independent and sustainable fashion designers,$$,Strong,,,,To Research,
Urbanite,Portland,SE Grand,"1005 SE Grand Ave, Portland, OR 97214",https://www.urbanitepdx.com/,@urbanitepdx,"Design Objects, Home Goods",Portland lifestyle store with 54 local makers and artisan curators,$$,Perfect,,,,To Research,
Collier West,Brooklyn,Brooklyn Heights,"377A Atlantic Ave, Brooklyn, NY 11201",https://collierwest.com,@collierwest,"Design Objects, Home Goods","Home decor, gifts, art, apothecary, jewelry, displayed with charm beneath twinkling chandeliers",$$,Perfect,,,,To Research,
Rider,Brooklyn,Park Slope,"1016 8th Avenue, Brooklyn, NY 11215",,@ridergiftshop,Independent Gift Shop,"Community-focused gift shop, local artisan wares, design objects",$$,Perfect,,Alma Lacour,,To Research,
Indigo,Charleston,Downtown,"4 Vendue Range, Charleston, SC 29401",https://www.indigohome.com,@indigohomecharleston,"Design Objects, Home Goods",Family-owned eclectic boutique since 1994 featuring local art and sustainable gifts,$$,Perfect,,,,To Research,
Form & Function,Portland,Multnomah Village,Multnomah Village (exact address TBD),https://www.formandfunctionpdx.com/,@formandfunctionpdx,"Design Objects, Home Goods","Scandinavian design mix of vintage and new, recent Denmark/Finland/Sweden finds",$$,Perfect,,,,To Research,
Beverly's NYC,NYC,LES,27 Orchard Street,https://beverlys.world/,@thatgirlbeverly,"Design Objects, Home Goods","Personal curation by fashion stylist, creative community focus",$$,Perfect,,,,To Research,
Artisan Furniture & Finds,Miami,Hallandale Beach,"1960 SW 30th Ave, Unit A, Hallandale Beach, FL 33009",https://www.artisanmiami.com/,@artisanfurniture,"Design Objects, Home Goods",Handcrafted timeless furniture and finds at wholesale prices,$$,Strong,,,,To Research,
Seventh House LA,Los Angeles,Melrose,7001 Melrose Ave,https://seventhhouse.la/,@seventhousela,"Design Objects, Home Goods","Frank Gehry-designed building, 20th century deco and contemporary art furniture",$$,Perfect,,,,To Research,
